<application>
  <component name="GitRememberedInputs">
    <option name="visitedUrls">
      <list>
        <UrlAndUserName>
          <option name="url" value="http://github.com" />
          <option name="userName" value="hugo@hl-media.co" />
        </UrlAndUserName>
      </list>
    </option>
  </component>
  <component name="Vcs.Log.App.Settings">
    <option name="MIGRATED" value="true" />
  </component>
  <component name="VcsApplicationSettings">
    <option name="SHOW_LST_WORD_DIFFERENCES" value="false" />
  </component>
</application>