<application>
  <component name="WebServers">
    <option name="servers">
      <webServer id="6be0b543-0558-49fe-bd0b-3f5eac119f42" name="BIYN MEDIA FTP" url="https://clients.biyn.media/admin/addonmodules.php?module=asana">
        <fileTransfer host="biyn.media" port="21" rootFolder="/clients.biyn.media/modules/addons/asana">
          <advancedOptions>
            <advancedOptions dataProtectionLevel="Private" passiveMode="true" />
          </advancedOptions>
          <option name="port" value="21" />
        </fileTransfer>
      </webServer>
      <webServer id="541f81f1-5026-430a-9f9c-76b549f4d821" name="GALAXHOM" url="https://galaxhom.com">
        <fileTransfer host="hl-media.eu" port="21" rootFolder="/public_html/galaxhom">
          <advancedOptions>
            <advancedOptions dataProtectionLevel="Private" passiveMode="true" />
          </advancedOptions>
          <option name="port" value="21" />
        </fileTransfer>
      </webServer>
      <webServer id="b7f5e6e7-5e33-482e-bf70-9a605dc88e5f" name="BR8" url="http://br8.fr">
        <fileTransfer host="br8.fr" port="21" rootFolder="/public_html">
          <advancedOptions>
            <advancedOptions dataProtectionLevel="Private" passiveMode="true" />
          </advancedOptions>
          <option name="port" value="21" />
        </fileTransfer>
      </webServer>
      <webServer id="fbb8b94a-b279-499c-ba93-59ad77883fa4" name="NODE JS" url="http://teamstatus.live">
        <fileTransfer host="109.123.121.178" port="22122" rootFolder="/home/AppTrainingMulti" accessType="SFTP">
          <advancedOptions>
            <advancedOptions dataProtectionLevel="Private" />
          </advancedOptions>
          <option name="port" value="22122" />
        </fileTransfer>
      </webServer>
      <webServer id="c413c9ee-8c4b-4d94-a073-0da435e43aca" name="LA VOIX PROPHETIQUE" url="http://lavoixprophetique.fr">
        <fileTransfer host="lavoixprophetique.ovh" port="21" rootFolder="/public_html">
          <advancedOptions>
            <advancedOptions dataProtectionLevel="Private" passiveMode="true" />
          </advancedOptions>
          <option name="port" value="21" />
        </fileTransfer>
      </webServer>
      <webServer id="d0ac2f12-e96e-46aa-851b-34141be26cfc" name="AeroLiveTracker" url="http://localhost/wordpress">
        <fileTransfer port="0" accessType="LOCAL" />
      </webServer>
      <webServer id="98e5a166-6102-41f3-918b-f268ec6c1c1e" name="BIYN MEDIA CONSOLE" url="http://biyn.media">
        <fileTransfer host="biyn.media" port="21" rootFolder="/public_html/console">
          <advancedOptions>
            <advancedOptions dataProtectionLevel="Private" passiveMode="true" shareSSLContext="true" />
          </advancedOptions>
          <option name="port" value="21" />
        </fileTransfer>
      </webServer>
      <webServer id="c9f4db54-c865-46d6-a9bf-528236f4cd1d" name="CENTRE LIBERTE" url="https://centreliberte.org">
        <fileTransfer host="centreliberte.org" port="21" rootFolder="/public_html">
          <advancedOptions>
            <advancedOptions dataProtectionLevel="Private" passiveMode="true" />
          </advancedOptions>
          <option name="port" value="21" />
        </fileTransfer>
      </webServer>
      <webServer id="65f34535-744f-405f-ac09-af2eaf330a69" name="Refuge Madiana" url="http://refugemadiana.com">
        <fileTransfer host="refugemadiana.com" port="21" rootFolder="/public_html">
          <advancedOptions>
            <advancedOptions dataProtectionLevel="Private" passiveMode="true" shareSSLContext="true" />
          </advancedOptions>
          <option name="port" value="21" />
        </fileTransfer>
      </webServer>
    </option>
  </component>
</application>