<keymap version="1" name="Default copy" parent="$default">
  <action id="CommentByBlockComment">
    <keyboard-shortcut first-keystroke="shift ctrl slash" />
    <keyboard-shortcut first-keystroke="shift ctrl divide" />
    <keyboard-shortcut first-keystroke="shift ctrl colon" />
  </action>
  <action id="CommentByLineComment">
    <keyboard-shortcut first-keystroke="ctrl slash" />
    <keyboard-shortcut first-keystroke="ctrl divide" />
    <keyboard-shortcut first-keystroke="ctrl colon" />
  </action>
  <action id="CreateLauncherScript">
    <keyboard-shortcut first-keystroke="ctrl alt d" />
  </action>
  <action id="EditorToggleUseSoftWraps">
    <keyboard-shortcut first-keystroke="alt z" />
  </action>
  <action id="Macro.New File">
    <keyboard-shortcut first-keystroke="alt n" />
  </action>
  <action id="ToggleFullScreen">
    <keyboard-shortcut first-keystroke="shift ctrl f11" />
  </action>
  <action id="TogglePresentationMode">
    <keyboard-shortcut first-keystroke="shift ctrl alt f11" />
  </action>
</keymap>